movieId,title,genres
1,Toy Story (1995),Adventure|Animation|Children|Comedy|Fantasy
2,Jumanji (1995),Adventure|Children|Fantasy
3,Grumpier Old Men (1995),Comedy|Romance
5,Father of the Bride Part II (1995),Comedy
6,Heat (1995),Action|Crime|Thriller
7,Sabrina (1995),Comedy|Romance
9,Sudden Death (1995),Action
10,GoldenEye (1995),Action|Adventure|Thriller
11,"American President, The (1995)",Comedy|Drama|Romance
12,Dracula: Dead and Loving It (1995),Comedy|Horror
14,Nixon (1995),Drama
16,Casino (1995),Crime|Drama
17,Sense and Sensibility (1995),Drama|Romance
18,Four Rooms (1995),Comedy
19,Ace Ventura: When Nature Calls (1995),Comedy
20,Money Train (1995),Action|Comedy|Crime|Drama|Thriller
21,Get Shorty (1995),Comedy|Crime|Thriller
22,Copycat (1995),Crime|Drama|Horror|Mystery|Thriller
23,Assassins (1995),Action|Crime|Thriller
24,Powder (1995),Drama|Sci-Fi
25,Leaving Las Vegas (1995),Drama|Romance
28,Persuasion (1995),Drama|Romance
29,"City of Lost Children, The (Cité des enfants perdus, La) (1995)",Adventure|Drama|Fantasy|Mystery|Sci-Fi
31,Dangerous Minds (1995),Drama
32,Twelve Monkeys (a.k.a. 12 Monkeys) (1995),Mystery|Sci-Fi|Thriller
34,Babe (1995),Children|Drama
36,Dead Man Walking (1995),Crime|Drama
39,Clueless (1995),Comedy|Romance
41,Richard III (1995),Drama|War
44,Mortal Kombat (1995),Action|Adventure|Fantasy
45,To Die For (1995),Comedy|Drama|Thriller
46,How to Make an American Quilt (1995),Drama|Romance
47,Seven (a.k.a. Se7en) (1995),Mystery|Thriller
48,Pocahontas (1995),Animation|Children|Drama|Musical|Romance
50,"Usual Suspects, The (1995)",Crime|Mystery|Thriller
52,Mighty Aphrodite (1995),Comedy|Drama|Romance
58,"Postman, The (Postino, Il) (1994)",Comedy|Drama|Romance
60,"Indian in the Cupboard, The (1995)",Adventure|Children|Fantasy
62,Mr. Holland's Opus (1995),Drama
65,Bio-Dome (1996),Comedy
69,Friday (1995),Comedy
70,From Dusk Till Dawn (1996),Action|Comedy|Horror|Thriller
74,Bed of Roses (1996),Drama|Romance
76,Screamers (1995),Action|Sci-Fi|Thriller
79,"Juror, The (1996)",Drama|Thriller
81,Things to Do in Denver When You're Dead (1995),Crime|Drama|Romance
86,White Squall (1996),Action|Adventure|Drama
88,Black Sheep (1996),Comedy
89,Nick of Time (1995),Action|Thriller
93,Vampire in Brooklyn (1995),Comedy|Horror|Romance
94,Beautiful Girls (1996),Comedy|Drama|Romance
99,Heidi Fleiss: Hollywood Madam (1995),Documentary
100,City Hall (1996),Drama|Thriller
103,Unforgettable (1996),Mystery|Sci-Fi|Thriller
104,Happy Gilmore (1996),Comedy
106,Nobody Loves Me (Keiner liebt mich) (1994),Comedy|Drama
109,Headless Body in Topless Bar (1995),Comedy|Drama|Thriller
110,Braveheart (1995),Action|Drama|War
111,Taxi Driver (1976),Crime|Drama|Thriller
121,"Boys of St. Vincent, The (1992)",Drama
124,"Star Maker, The (Uomo delle stelle, L') (1995)",Drama
134,Sonic Outlaws (1995),Documentary
139,Target (1995),Action|Drama
140,Up Close and Personal (1996),Drama|Romance
143,Gospa (1995),Drama
144,"Brothers McMullen, The (1995)",Comedy
146,"Amazing Panda Adventure, The (1995)",Adventure|Children
149,Amateur (1994),Crime|Drama|Thriller
150,Apollo 13 (1995),Adventure|Drama|IMAX
152,"Addiction, The (1995)",Drama|Horror
153,Batman Forever (1995),Action|Adventure|Comedy|Crime
157,Canadian Bacon (1995),Comedy|War
159,Clockers (1995),Crime|Drama|Mystery
160,Congo (1995),Action|Adventure|Mystery|Sci-Fi
161,Crimson Tide (1995),Drama|Thriller|War
162,Crumb (1994),Documentary
163,Desperado (1995),Action|Romance|Western
164,Devil in a Blue Dress (1995),Crime|Film-Noir|Mystery|Thriller
167,Feast of July (1995),Drama
168,First Knight (1995),Action|Drama|Romance
169,Free Willy 2: The Adventure Home (1995),Adventure|Children|Drama
171,Jeffrey (1995),Comedy|Drama
172,Johnny Mnemonic (1995),Action|Sci-Fi|Thriller
174,Jury Duty (1995),Comedy
179,Mad Love (1995),Drama|Romance
184,Nadja (1994),Drama
185,"Net, The (1995)",Action|Crime|Thriller
192,"Show, The (1995)",Documentary
193,Showgirls (1995),Drama
194,Smoke (1995),Comedy|Drama
195,Something to Talk About (1995),Comedy|Drama|Romance
197,"Stars Fell on Henrietta, The (1995)",Drama
202,Total Eclipse (1995),Drama|Romance
203,"To Wong Foo, Thanks for Everything! Julie Newmar (1995)",Comedy
206,Unzipped (1995),Documentary
207,"Walk in the Clouds, A (1995)",Drama|Romance
214,Before the Rain (Pred dozhdot) (1994),Drama|War
215,Before Sunrise (1995),Drama|Romance
217,"Babysitter, The (1995)",Drama|Thriller
220,Castle Freak (1995),Horror
222,Circle of Friends (1995),Drama|Romance
223,Clerks (1994),Comedy
225,Disclosure (1994),Drama|Thriller
228,Destiny Turns on the Radio (1995),Comedy
229,Death and the Maiden (1994),Drama|Thriller
230,Dolores Claiborne (1995),Drama|Thriller
231,Dumb & Dumber (Dumb and Dumber) (1994),Adventure|Comedy
232,Eat Drink Man Woman (Yin shi nan nu) (1994),Comedy|Drama|Romance
233,Exotica (1994),Drama
234,Exit to Eden (1994),Comedy
235,Ed Wood (1994),Comedy|Drama
237,Forget Paris (1995),Comedy|Romance
244,Gumby: The Movie (1995),Animation|Children
245,"Glass Shield, The (1994)",Crime|Drama
246,Hoop Dreams (1994),Documentary
247,Heavenly Creatures (1994),Crime|Drama
250,Heavyweights (Heavy Weights) (1995),Children|Comedy
251,"Hunted, The (1995)",Action
254,Jefferson in Paris (1995),Drama
255,"Jerky Boys, The (1995)",Comedy
258,"Kid in King Arthur's Court, A (1995)",Adventure|Children|Comedy|Fantasy|Romance
259,Kiss of Death (1995),Crime|Drama|Thriller
260,Star Wars: Episode IV - A New Hope (1977),Action|Adventure|Sci-Fi
263,Ladybird Ladybird (1994),Drama
264,"Enfer, L' (1994)",Drama
265,Like Water for Chocolate (Como agua para chocolate) (1992),Drama|Fantasy|Romance
270,Love Affair (1994),Drama|Romance
271,Losing Isaiah (1995),Drama
274,Man of the House (1995),Comedy
275,Mixed Nuts (1994),Comedy
278,Miami Rhapsody (1995),Comedy
279,My Family (1995),Drama
280,Murder in the First (1995),Drama|Thriller
286,Nemesis 2: Nebula (1995),Action|Sci-Fi|Thriller
287,Nina Takes a Lover (1994),Comedy|Romance
288,Natural Born Killers (1994),Action|Crime|Thriller
290,Once Were Warriors (1994),Crime|Drama
291,Poison Ivy II (1996),Drama|Thriller
294,"Perez Family, The (1995)",Comedy|Romance
298,Pushing Hands (Tui shou) (1992),Drama
301,Picture Bride (Bijo photo) (1994),Drama|Romance
303,"Quick and the Dead, The (1995)",Action|Thriller|Western
304,Roommates (1995),Comedy|Drama
305,Ready to Wear (Pret-A-Porter) (1994),Comedy
306,Three Colors: Red (Trois couleurs: Rouge) (1994),Drama
312,Stuart Saves His Family (1995),Comedy
313,"Swan Princess, The (1994)",Animation|Children
314,"Secret of Roan Inish, The (1994)",Children|Drama|Fantasy|Mystery
315,"Specialist, The (1994)",Action|Drama|Thriller
316,Stargate (1994),Action|Adventure|Sci-Fi
317,"Santa Clause, The (1994)",Comedy|Drama|Fantasy
324,"Sum of Us, The (1994)",Comedy|Drama
326,To Live (Huozhe) (1994),Drama
330,Tales from the Hood (1995),Action|Crime|Horror
334,Vanya on 42nd Street (1994),Drama
335,Underneath (1995),Mystery|Thriller
336,"Walking Dead, The (1995)",Drama|War
339,While You Were Sleeping (1995),Comedy|Romance
341,Double Happiness (1994),Drama
342,Muriel's Wedding (1994),Comedy
345,"Adventures of Priscilla, Queen of the Desert, The (1994)",Comedy|Drama
346,Backbeat (1993),Drama|Musical
347,Bitter Moon (1992),Drama|Film-Noir|Romance
348,Bullets Over Broadway (1994),Comedy
350,"Client, The (1994)",Drama|Mystery|Thriller
352,Crooklyn (1994),Comedy|Drama
353,"Crow, The (1994)",Action|Crime|Fantasy|Thriller
354,Cobb (1994),Drama
358,Higher Learning (1995),Drama
359,I Like It Like That (1994),Comedy|Drama|Romance
361,It Could Happen to You (1994),Comedy|Drama|Romance
364,"Lion King, The (1994)",Adventure|Animation|Children|Drama|Musical|IMAX
365,Little Buddha (1993),Drama
367,"Mask, The (1994)",Action|Comedy|Crime|Fantasy
368,Maverick (1994),Adventure|Comedy|Western
369,Mrs. Parker and the Vicious Circle (1994),Drama
370,Naked Gun 33 1/3: The Final Insult (1994),Action|Comedy
371,"Paper, The (1994)",Comedy|Drama
373,Red Rock West (1992),Thriller
374,Richie Rich (1994),Children|Comedy
376,"River Wild, The (1994)",Action|Thriller
377,Speed (1994),Action|Romance|Thriller
378,Speechless (1994),Comedy|Romance
379,Timecop (1994),Action|Sci-Fi|Thriller
380,True Lies (1994),Action|Adventure|Comedy|Romance|Thriller
402,Open Season (1996),Comedy
407,In the Mouth of Madness (1995),Horror|Thriller
409,Above the Rim (1994),Crime|Drama
410,Addams Family Values (1993),Children|Comedy|Fantasy
412,"Age of Innocence, The (1993)",Drama
414,"Air Up There, The (1994)",Comedy
416,Bad Girls (1994),Western
417,Barcelona (1994),Comedy|Romance
423,Blown Away (1994),Action|Thriller
424,Blue Chips (1994),Drama
425,Blue Sky (1994),Drama|Romance
428,"Bronx Tale, A (1993)",Drama
429,Cabin Boy (1994),Comedy
431,Carlito's Way (1993),Crime|Drama
432,City Slickers II: The Legend of Curly's Gold (1994),Adventure|Comedy|Western
437,Cops and Robbersons (1994),Comedy
438,"Cowboy Way, The (1994)",Action|Comedy|Drama
439,Dangerous Game (1993),Drama
443,"Endless Summer 2, The (1994)",Adventure|Documentary
445,Fatal Instinct (1993),Comedy
451,Flesh and Bone (1993),Drama|Mystery|Romance
452,Widows' Peak (1994),Drama
454,"Firm, The (1993)",Drama|Thriller
461,Go Fish (1994),Drama|Romance
463,Guilty as Sin (1993),Crime|Drama|Thriller
465,Heaven & Earth (1993),Action|Drama|War
468,"Englishman Who Went Up a Hill But Came Down a Mountain, The (1995)",Comedy|Romance
471,"Hudsucker Proxy, The (1994)",Comedy
472,I'll Do Anything (1994),Comedy|Drama
474,In the Line of Fire (1993),Action|Thriller
477,What's Love Got to Do with It? (1993),Drama|Musical
478,Jimmy Hollywood (1994),Comedy|Crime|Drama
482,Killing Zoe (1994),Crime|Drama|Thriller
486,Life with Mikey (1993),Comedy
487,Lightning Jack (1994),Comedy|Western
488,M. Butterfly (1993),Drama|Romance
489,Made in America (1993),Comedy
490,Malice (1993),Thriller
491,"Man Without a Face, The (1993)",Drama
494,Executive Decision (1996),Action|Adventure|Thriller
497,Much Ado About Nothing (1993),Comedy|Romance
499,Mr. Wonderful (1993),Comedy|Romance
504,No Escape (1994),Action|Drama|Sci-Fi
505,North (1994),Comedy
506,Orlando (1992),Drama|Fantasy|Romance
511,"Program, The (1993)",Action|Drama
512,"Puppet Masters, The (1994)",Horror|Sci-Fi
513,Radioland Murders (1994),Comedy|Mystery|Romance
514,"Ref, The (1994)",Comedy
516,Renaissance Man (1994),Comedy|Drama
517,Rising Sun (1993),Action|Drama|Mystery
521,Romeo Is Bleeding (1993),Crime|Thriller
524,Rudy (1993),Drama
526,"Savage Nights (Nuits fauves, Les) (1992)",Drama
528,"Scout, The (1994)",Comedy|Drama
529,Searching for Bobby Fischer (1993),Drama
530,Second Best (1994),Drama
531,"Secret Garden, The (1993)",Children|Drama
532,Serial Mom (1994),Comedy|Crime|Horror
534,Shadowlands (1993),Drama|Romance
535,Short Cuts (1993),Drama
536,"Simple Twist of Fate, A (1994)",Drama
537,Sirens (1994),Drama
538,Six Degrees of Separation (1993),Drama
539,Sleepless in Seattle (1993),Comedy|Drama|Romance
540,Sliver (1993),Thriller
543,So I Married an Axe Murderer (1993),Comedy|Romance|Thriller
547,Surviving the Game (1994),Action|Adventure|Thriller
548,Terminal Velocity (1994),Action|Mystery|Thriller
549,Thirty-Two Short Films About Glenn Gould (1993),Drama|Musical
550,Threesome (1994),Comedy|Romance
552,"Three Musketeers, The (1993)",Action|Adventure|Comedy|Romance
558,"Pagemaster, The (1994)",Action|Adventure|Animation|Children|Fantasy
580,Princess Caraboo (1994),Drama
581,"Celluloid Closet, The (1995)",Documentary
582,Métisse (Café au Lait) (1993),Comedy|Drama
583,Dear Diary (Caro Diario) (1994),Comedy|Drama
584,I Don't Want to Talk About It (De eso no se habla) (1993),Drama|Romance
585,"Brady Bunch Movie, The (1995)",Comedy
587,Ghost (1990),Comedy|Drama|Fantasy|Romance|Thriller
588,Aladdin (1992),Adventure|Animation|Children|Comedy|Musical
589,Terminator 2: Judgment Day (1991),Action|Sci-Fi
590,Dances with Wolves (1990),Adventure|Drama|Western
591,Tough and Deadly (1995),Action|Drama|Thriller
592,Batman (1989),Action|Crime|Thriller
594,Snow White and the Seven Dwarfs (1937),Animation|Children|Drama|Fantasy|Musical
600,Love and a .45 (1994),Action|Comedy|Crime
603,"Bye Bye, Love (1995)",Comedy
605,One Fine Day (1996),Drama|Romance
611,Hellraiser: Bloodline (1996),Action|Horror|Sci-Fi
631,All Dogs Go to Heaven 2 (1996),Adventure|Animation|Children|Fantasy|Musical|Romance
634,Theodore Rex (1995),Comedy
640,Diabolique (1996),Drama|Thriller
641,"Little Indian, Big City (Un indien dans la ville) (1994)",Adventure|Children|Comedy
656,Eddie (1996),Comedy
663,Kids in the Hall: Brain Candy (1996),Comedy
665,Underground (1995),Comedy|Drama|War
666,All Things Fair (Lust och fägring stor) (1995),Drama|Romance|War
696,Butterfly Kiss (1995),Drama|Thriller
697,Feeling Minnesota (1996),Drama|Romance
703,Boys (1996),Drama
708,"Truth About Cats & Dogs, The (1996)",Comedy|Romance
709,Oliver & Company (1988),Adventure|Animation|Children|Comedy|Musical
713,Of Love and Shadows (1994),Drama
717,Mouth to Mouth (Boca a boca) (1995),Comedy
722,"Haunted World of Edward D. Wood Jr., The (1996)",Documentary
725,"Great White Hype, The (1996)",Comedy
726,Last Dance (1996),Drama
729,"Institute Benjamenta, or This Dream People Call Human Life (1995)",Drama
731,Heaven's Prisoners (1996),Crime|Thriller
733,"Rock, The (1996)",Action|Adventure|Thriller
736,Twister (1996),Action|Adventure|Romance|Thriller
749,"Man from Down Under, The (1943)",Drama
750,Dr. Strangelove or: How I Learned to Stop Worrying and Love the Bomb (1964),Comedy|War
753,"Month by the Lake, A (1995)",Comedy|Drama|Romance
766,I Shot Andy Warhol (1996),Drama
768,Someone Else's America (1995),Drama
771,"Life Is Rosy (a.k.a. Life Is Beautiful) (Vie est belle, La) (1987)",Comedy|Drama
772,Quartier Mozart (1992),Comedy
774,Wend Kuuni (a.k.a. God's Gift) (1982),Drama
776,Babyfever (1994),Comedy|Drama
786,Eraser (1996),Action|Drama|Thriller
787,"Gate of Heavenly Peace, The (1995)",Documentary
788,"Nutty Professor, The (1996)",Comedy|Fantasy|Romance|Sci-Fi
790,"Unforgettable Summer, An (Un été inoubliable) (1994)",Drama
793,My Life and Times With Antonin Artaud (En compagnie d'Antonin Artaud) (1993),Drama
816,Two Deaths (1995),Drama
818,"Very Brady Sequel, A (1996)",Comedy
822,Hedd Wyn (1992),Drama|Romance|War
823,"Collector, The (La collectionneuse) (1967)",Drama
824,Kaspar Hauser (1993),Drama|Mystery
825,Regular Guys (Echte Kerle) (1996),Comedy|Romance
835,Foxfire (1996),Drama
838,Emma (1996),Comedy|Drama|Romance
844,"Story of Xinghua, The (Xinghua san yue tian) (1994)",Drama
851,Basquiat (1996),Drama
865,Small Faces (1996),Drama
882,"Trigger Effect, The (1996)",Drama|Thriller
884,Sweet Nothing (1996),Drama
886,Bulletproof (1996),Action|Comedy|Crime
887,Talk of Angels (1998),Drama
888,Land Before Time III: The Time of the Great Giving (1995),Adventure|Animation|Children|Musical
889,1-900 (06) (1994),Drama|Romance
892,Twelfth Night (1996),Comedy|Drama|Romance
893,Mother Night (1996),Drama
896,Wild Reeds (Les roseaux sauvages) (1994),Drama
897,For Whom the Bell Tolls (1943),Adventure|Drama|Romance|War
898,"Philadelphia Story, The (1940)",Comedy|Drama|Romance
899,Singin' in the Rain (1952),Comedy|Musical|Romance
900,"American in Paris, An (1951)",Musical|Romance
903,Vertigo (1958),Drama|Mystery|Romance|Thriller
904,Rear Window (1954),Mystery|Thriller
906,Gaslight (1944),Drama|Thriller
907,"Gay Divorcee, The (1934)",Comedy|Musical|Romance
908,North by Northwest (1959),Action|Adventure|Mystery|Romance|Thriller
910,Some Like It Hot (1959),Comedy|Crime
912,Casablanca (1942),Drama|Romance
914,My Fair Lady (1964),Comedy|Drama|Musical|Romance
917,"Little Princess, The (1939)",Children|Drama
918,Meet Me in St. Louis (1944),Musical
924,2001: A Space Odyssey (1968),Adventure|Drama|Sci-Fi
934,Father of the Bride (1950),Comedy
935,"Band Wagon, The (1953)",Comedy|Musical
937,Love in the Afternoon (1957),Comedy|Romance
938,Gigi (1958),Musical
939,"Reluctant Debutante, The (1958)",Comedy|Drama
949,East of Eden (1955),Drama
952,Around the World in 80 Days (1956),Adventure|Comedy
953,It's a Wonderful Life (1946),Drama|Fantasy|Romance
981,Dangerous Ground (1997),Drama
994,Big Night (1996),Comedy|Drama
997,Caught (1996),Drama|Thriller
999,2 Days in the Valley (1996),Crime|Film-Noir
1001,"Associate, The (Associé, L') (1979)",Comedy
1002,Ed's Next Move (1996),Comedy|Romance
1003,Extreme Measures (1996),Drama|Thriller
1004,"Glimmer Man, The (1996)",Action|Thriller
1005,D3: The Mighty Ducks (1996),Children|Comedy
1007,"Apple Dumpling Gang, The (1975)",Children|Comedy|Western
1009,Escape to Witch Mountain (1975),Adventure|Children|Fantasy
1010,"Love Bug, The (1969)",Children|Comedy
1011,Herbie Rides Again (1974),Adventure|Children|Comedy
1012,Old Yeller (1957),Children|Drama
1013,"Parent Trap, The (1961)",Children|Comedy|Romance
1014,Pollyanna (1960),Children|Comedy|Drama
1015,Homeward Bound: The Incredible Journey (1993),Adventure|Children|Drama
1017,Swiss Family Robinson (1960),Adventure|Children
1018,That Darn Cat! (1965),Children|Comedy|Mystery
1019,"20,000 Leagues Under the Sea (1954)",Adventure|Drama|Sci-Fi
1023,Winnie the Pooh and the Blustery Day (1968),Animation|Children|Musical
1024,"Three Caballeros, The (1945)",Animation|Children|Musical
1029,Dumbo (1941),Animation|Children|Drama|Musical
1030,Pete's Dragon (1977),Adventure|Animation|Children|Musical
1038,Unhook the Stars (1996),Drama
1040,"Secret Agent, The (1996)",Drama
1041,Secrets & Lies (1996),Drama
1042,That Thing You Do! (1996),Comedy|Drama
1053,Normal Life (1996),Crime|Drama|Romance
1056,Jude (1996),Drama
1057,Everyone Says I Love You (1996),Comedy|Musical|Romance
1058,Bitter Sugar (Azúcar amarga) (1996),Drama
1059,William Shakespeare's Romeo + Juliet (1996),Drama|Romance
1060,Swingers (1996),Comedy|Drama
1063,Johns (1996),Drama
1067,"Damsel in Distress, A (1937)",Comedy|Musical|Romance
1068,Crossfire (1947),Crime|Film-Noir
1069,"Murder, My Sweet (1944)",Crime|Film-Noir|Thriller
1070,Macao (1952),Adventure
1071,For the Moment (1994),Romance|War
1073,Willy Wonka & the Chocolate Factory (1971),Children|Comedy|Fantasy|Musical
1075,"Sexual Life of the Belgians, The (Vie sexuelle des Belges 1950-1978, La) (1994)",Comedy|Romance
1076,"Innocents, The (1961)",Drama|Horror|Thriller
1079,"Fish Called Wanda, A (1988)",Comedy|Crime
1080,Monty Python's Life of Brian (1979),Comedy
1082,"Candidate, The (1972)",Drama
1083,"Great Race, The (1965)",Comedy|Musical
1098,"Search for One-eye Jimmy, The (1996)",Comedy
1102,American Strays (1996),Action
1103,Rebel Without a Cause (1955),Drama
1104,"Streetcar Named Desire, A (1951)",Drama
1105,Children of the Corn IV: The Gathering (1996),Horror
1107,Loser (1991),Comedy
1110,Bird of Prey (1996),Action
1113,"Associate, The (1996)",Comedy
1114,"Funeral, The (1996)",Crime|Drama
1125,"Return of the Pink Panther, The (1975)",Comedy|Crime
1126,Drop Dead Fred (1991),Comedy|Fantasy
1149,JLG/JLG (JLG/JLG - autoportrait de décembre) (1994),Documentary|Drama
1150,"Return of Martin Guerre, The (Retour de Martin Guerre, Le) (1982)",Drama
1153,Raw Deal (1948),Film-Noir
1156,"Children Are Watching Us, The (Bambini ci guardano, I) (1944)",Drama
1160,Six of a Kind (1934),Comedy
1162,"Ruling Class, The (1972)",Comedy|Drama
1163,Mina Tannenbaum (1994),Drama
1165,"Bloody Child, The (1996)",Drama|Thriller
1170,Best of the Best 3: No Turning Back (1995),Action
1172,Cinema Paradiso (Nuovo cinema Paradiso) (1989),Drama
1173,"Cook the Thief His Wife & Her Lover, The (1989)",Comedy|Drama
1174,Dead Tired (Grosse Fatigue) (1994),Comedy
1175,Delicatessen (1991),Comedy|Drama|Romance
1176,"Double Life of Veronique, The (Double Vie de Véronique, La) (1991)",Drama|Fantasy|Romance
1177,Enchanted April (1992),Drama|Romance
1179,"Grifters, The (1990)",Crime|Drama|Film-Noir
1180,Hear My Song (1991),Comedy
1181,"Shooter, The (1997)",Western
1183,"English Patient, The (1996)",Drama|Romance|War
1184,Mediterraneo (1991),Comedy|Drama
1185,My Left Foot (1989),Drama
1186,"Sex, Lies, and Videotape (1989)",Drama
1187,Passion Fish (1992),Drama
1188,Strictly Ballroom (1992),Comedy|Romance
1189,"Thin Blue Line, The (1988)",Documentary
1190,Tie Me Up! Tie Me Down! (¡Átame!) (1990),Crime|Drama|Romance
1192,Paris Is Burning (1990),Documentary
1194,Cheech and Chong's Up in Smoke (1978),Comedy
1196,Star Wars: Episode V - The Empire Strikes Back (1980),Action|Adventure|Sci-Fi
1197,"Princess Bride, The (1987)",Action|Adventure|Comedy|Fantasy|Romance
1198,Raiders of the Lost Ark (Indiana Jones and the Raiders of the Lost Ark) (1981),Action|Adventure
1199,Brazil (1985),Fantasy|Sci-Fi
1200,Aliens (1986),Action|Adventure|Horror|Sci-Fi
1202,Withnail & I (1987),Comedy
1203,12 Angry Men (1957),Drama
1204,Lawrence of Arabia (1962),Adventure|Drama|War
1207,To Kill a Mockingbird (1962),Drama
1208,Apocalypse Now (1979),Action|Drama|War
1209,Once Upon a Time in the West (C'era una volta il West) (1968),Action|Drama|Western
1211,"Wings of Desire (Himmel über Berlin, Der) (1987)",Drama|Fantasy|Romance
1212,"Third Man, The (1949)",Film-Noir|Mystery|Thriller
1213,Goodfellas (1990),Crime|Drama
1215,Army of Darkness (1993),Action|Adventure|Comedy|Fantasy|Horror
1216,"Big Blue, The (Grand bleu, Le) (1988)",Adventure|Drama|Romance
1217,Ran (1985),Drama|War
1218,"Killer, The (Die xue shuang xiong) (1989)",Action|Crime|Drama|Thriller
1219,Psycho (1960),Crime|Horror
1220,"Blues Brothers, The (1980)",Action|Comedy|Musical
1221,"Godfather: Part II, The (1974)",Crime|Drama
1222,Full Metal Jacket (1987),Drama|War
1223,"Grand Day Out with Wallace and Gromit, A (1989)",Adventure|Animation|Children|Comedy|Sci-Fi
1224,Henry V (1989),Action|Drama|Romance|War
1225,Amadeus (1984),Drama
1226,"Quiet Man, The (1952)",Drama|Romance
1227,Once Upon a Time in America (1984),Crime|Drama
1230,Annie Hall (1977),Comedy|Romance
1231,"Right Stuff, The (1983)",Drama
1232,Stalker (1979),Drama|Mystery|Sci-Fi
1233,"Boot, Das (Boat, The) (1981)",Action|Drama|War
1234,"Sting, The (1973)",Comedy|Crime
1235,Harold and Maude (1971),Comedy|Drama|Romance
1236,Trust (1990),Comedy|Drama|Romance
1238,Local Hero (1983),Comedy
1240,"Terminator, The (1984)",Action|Sci-Fi|Thriller
1241,Dead Alive (Braindead) (1992),Comedy|Fantasy|Horror
1242,Glory (1989),Drama|War
1243,Rosencrantz and Guildenstern Are Dead (1990),Comedy|Drama
1244,Manhattan (1979),Comedy|Drama|Romance
1245,Miller's Crossing (1990),Crime|Drama|Film-Noir|Thriller
1247,"Graduate, The (1967)",Comedy|Drama|Romance
1248,Touch of Evil (1958),Crime|Film-Noir|Thriller
1249,"Femme Nikita, La (Nikita) (1990)",Action|Crime|Romance|Thriller
1250,"Bridge on the River Kwai, The (1957)",Adventure|Drama|War
1251,8 1/2 (8½) (1963),Drama|Fantasy
1253,"Day the Earth Stood Still, The (1951)",Drama|Sci-Fi|Thriller
1254,"Treasure of the Sierra Madre, The (1948)",Action|Adventure|Drama|Western
1255,Bad Taste (1987),Comedy|Horror|Sci-Fi
1256,Duck Soup (1933),Comedy|Musical|War
1257,Better Off Dead... (1985),Comedy|Romance
1258,"Shining, The (1980)",Horror
1260,M (1931),Crime|Film-Noir|Thriller
1261,Evil Dead II (Dead by Dawn) (1987),Action|Comedy|Fantasy|Horror
1264,Diva (1981),Action|Drama|Mystery|Romance|Thriller
1265,Groundhog Day (1993),Comedy|Fantasy|Romance
1266,Unforgiven (1992),Drama|Western
1267,"Manchurian Candidate, The (1962)",Crime|Thriller|War
1268,Pump Up the Volume (1990),Comedy|Drama
1269,Arsenic and Old Lace (1944),Comedy|Mystery|Thriller
1270,Back to the Future (1985),Adventure|Comedy|Sci-Fi
1271,Fried Green Tomatoes (1991),Comedy|Crime|Drama
1272,Patton (1970),Drama|War
1273,Down by Law (1986),Comedy|Drama|Film-Noir
1274,Akira (1988),Action|Adventure|Animation|Sci-Fi
1275,Highlander (1986),Action|Adventure|Fantasy
1276,Cool Hand Luke (1967),Drama
1279,Night on Earth (1991),Comedy|Drama
1292,Being There (1979),Comedy|Drama
1293,Gandhi (1982),Drama
1299,"Killing Fields, The (1984)",Drama|War
1305,"Paris, Texas (1984)",Drama|Romance
1310,Hype! (1996),Documentary
1313,Mad Dog Time (1996),Crime
1314,Breathing Room (1996),Romance
1315,Paris Was a Woman (1995),Documentary
1318,Blue Juice (1995),Comedy|Drama
1319,Kids of Survival (1996),Documentary
1321,"American Werewolf in London, An (1981)",Comedy|Horror|Thriller
1325,Amityville: A New Generation (1993),Horror
1327,"Amityville Horror, The (1979)",Drama|Horror|Mystery|Thriller
1328,"Amityville Curse, The (1990)",Horror
1329,Blood for Dracula (Andy Warhol's Dracula) (1974),Horror
1330,April Fool's Day (1986),Horror
1337,"Body Snatcher, The (1945)",Drama|Horror|Thriller
1340,"Bride of Frankenstein, The (Bride of Frankenstein) (1935)",Drama|Horror|Sci-Fi
1341,Burnt Offerings (1976),Horror
1342,Candyman (1992),Horror|Thriller
1343,Cape Fear (1991),Thriller
1344,Cape Fear (1962),Crime|Drama|Thriller
1345,Carrie (1976),Drama|Fantasy|Horror|Thriller
1346,Cat People (1982),Drama|Fantasy|Horror
1347,"Nightmare on Elm Street, A (1984)",Horror|Thriller
1348,"Nosferatu (Nosferatu, eine Symphonie des Grauens) (1922)",Horror
1349,Vampire in Venice (Nosferatu a Venezia) (Nosferatu in Venice) (1986),Horror
1350,"Omen, The (1976)",Horror|Mystery|Thriller
1351,Blood and Wine (Blood & Wine) (1996),Crime|Drama|Thriller
1355,Nightwatch (1997),Horror|Thriller
1357,Shine (1996),Drama|Romance
1358,Sling Blade (1996),Drama
1361,Paradise Lost: The Child Murders at Robin Hood Hills (1996),Documentary
1363,"Preacher's Wife, The (1996)",Drama
1364,Zero Kelvin (Kjærlighetens kjøtere) (1995),Drama
1366,"Crucible, The (1996)",Drama
1373,Star Trek V: The Final Frontier (1989),Action|Sci-Fi
1375,Star Trek III: The Search for Spock (1984),Action|Adventure|Sci-Fi
1376,Star Trek IV: The Voyage Home (1986),Adventure|Comedy|Sci-Fi
1377,Batman Returns (1992),Action|Crime
1379,Young Guns II (1990),Action|Western
1384,"Substance of Fire, The (1996)",Drama
1396,Sneakers (1992),Action|Comedy|Crime|Drama|Sci-Fi
1404,Night Falls on Manhattan (1996),Crime|Drama
1407,Scream (1996),Comedy|Horror|Mystery|Thriller
1415,"Thieves (Voleurs, Les) (1996)",Crime|Drama|Romance
1423,Hearts and Minds (1996),Drama
1428,Angel Baby (1995),Drama
1430,Underworld (1996),Comedy|Thriller
1439,Meet Wally Sparks (1997),Comedy
1441,Benny & Joon (1993),Comedy|Romance
1446,Kolya (Kolja) (1996),Comedy|Drama
1449,Waiting for Guffman (1996),Comedy
1457,Fools Rush In (1997),Comedy|Drama|Romance
1458,Touch (1997),Drama|Fantasy|Romance
1468,Booty Call (1997),Comedy|Romance
1470,Rhyme & Reason (1997),Documentary
1472,City of Industry (1997),Crime|Thriller
1473,Best Men (1997),Action|Comedy|Crime|Drama
1489,Cats Don't Dance (1997),Animation|Children|Musical
1495,Turbo: A Power Rangers Movie (1997),Action|Adventure|Children
1503,8 Heads in a Duffel Bag (1997),Comedy
1507,Paradise Road (1997),Drama|War
1516,Children of the Revolution (1996),Comedy
1519,Broken English (1996),Drama
1523,"Truth or Consequences, N.M. (1997)",Action|Crime|Romance
1529,Nowhere (1997),Comedy|Drama
1533,"Promise, The (La promesse) (1996)",Drama
1535,Love! Valour! Compassion! (1997),Drama|Romance
1537,Shall We Dance? (Shall We Dansu?) (1996),Comedy|Drama|Romance
1538,"Second Jungle Book: Mowgli & Baloo, The (1997)",Adventure|Children
1539,Twin Town (1997),Comedy|Crime
1546,Schizopolis (1996),Comedy
1552,Con Air (1997),Action|Adventure|Thriller
1556,Speed 2: Cruise Control (1997),Action|Romance|Thriller
1558,Sudden Manhattan (1997),Comedy
1562,Batman & Robin (1997),Action|Adventure|Fantasy|Thriller
1564,For Roseanna (Roseanna's Grave) (1997),Comedy|Drama|Romance
1565,Head Above Water (1996),Comedy|Thriller
1566,Hercules (1997),Adventure|Animation|Children|Comedy|Musical
1567,"Last Time I Committed Suicide, The (1997)",Drama
1572,"Contempt (Mépris, Le) (1963)",Drama
1581,Out to Sea (1997),Comedy
1583,"Simple Wish, A (1997)",Children|Fantasy
1585,Love Serenade (1996),Comedy
1588,George of the Jungle (1997),Children|Comedy
1589,Cop Land (1997),Action|Crime|Drama|Thriller
1597,Conspiracy Theory (1997),Drama|Mystery|Romance|Thriller
1609,187 (One Eight Seven) (1997),Drama|Thriller
1616,"Peacemaker, The (1997)",Action|Thriller|War
1617,L.A. Confidential (1997),Crime|Film-Noir|Mystery|Thriller
1620,Kiss the Girls (1997),Crime|Drama|Mystery|Thriller
1622,Kicked in the Head (1997),Comedy|Drama
1624,"Thousand Acres, A (1997)",Drama
1626,Fire Down Below (1997),Action|Drama|Thriller
1631,"Assignment, The (1997)",Action|Thriller
1632,"Smile Like Yours, A (1997)",Comedy|Romance
1636,Stag (1997),Action|Thriller
1643,"Mrs. Brown (a.k.a. Her Majesty, Mrs. Brown) (1997)",Drama|Romance
1644,I Know What You Did Last Summer (1997),Horror|Mystery|Thriller
1646,RocketMan (a.k.a. Rocket Man) (1997),Children|Comedy|Romance|Sci-Fi
1653,Gattaca (1997),Drama|Sci-Fi|Thriller
1658,"Life Less Ordinary, A (1997)",Romance|Thriller
1660,Eve's Bayou (1997),Drama
1662,Gang Related (1997),Crime
1663,Stripes (1981),Comedy|War
1670,Welcome to Sarajevo (1997),Drama|War
1673,Boogie Nights (1997),Drama
1684,Mrs. Dalloway (1997),Drama|Romance
1685,"I Love You, I Love You Not (1996)",Drama|Romance
1690,Alien: Resurrection (1997),Action|Horror|Sci-Fi
1708,Ill Gotten Gains (1997),Drama
1709,Legal Deceit (1997),Thriller
1714,Never Met Picasso (1996),Romance
1720,Time Tracers (1995),Action|Adventure|Sci-Fi
1728,"Winter Guest, The (1997)",Drama
1730,Kundun (1997),Drama
1734,My Life in Pink (Ma vie en rose) (1997),Comedy|Drama
1754,Fallen (1998),Crime|Drama|Fantasy|Thriller
1755,Shooting Fish (1997),Comedy|Romance
1793,Welcome to Woop-Woop (1997),Comedy
1799,Suicide Kings (1997),Comedy|Crime|Drama|Mystery|Thriller
1801,"Man in the Iron Mask, The (1998)",Action|Adventure|Drama
1809,Fireworks (Hana-bi) (1997),Crime|Drama
1811,"Niagara, Niagara (1997)",Drama
1812,Wide Awake (1998),Children|Comedy|Drama
1824,Homegrown (1998),Comedy|Thriller
1826,Barney's Great Adventure (1998),Adventure|Children
1829,Chinese Box (1997),Drama|Romance
1834,"Spanish Prisoner, The (1997)",Crime|Drama|Mystery|Thriller
1835,City of Angels (1998),Drama|Fantasy|Romance
1837,"Odd Couple II, The (1998)",Comedy
1840,He Got Game (1998),Drama
1862,Species II (1998),Horror|Sci-Fi
1864,Sour Grapes (1998),Comedy
1867,Tarzan and the Lost City (1998),Action|Adventure
1869,Black Dog (1998),Action|Thriller
1870,"Dancer, Texas Pop. 81 (1998)",Comedy|Drama
1871,"Friend of the Deceased, A (Priyatel pokonika) (1997)",Comedy|Drama
1872,Go Now (1995),Drama
1873,"Misérables, Les (1998)",Crime|Drama|Romance|War
1874,Still Breathing (1997),Comedy|Romance
1875,Clockwatchers (1997),Comedy
1876,Deep Impact (1998),Drama|Sci-Fi|Thriller
1877,Little Men (1998),Drama
1878,Woo (1998),Comedy|Romance
1879,"Hanging Garden, The (1997)",Drama|Romance
1882,Godzilla (1998),Action|Sci-Fi|Thriller
1884,Fear and Loathing in Las Vegas (1998),Adventure|Comedy|Drama
1885,"Opposite of Sex, The (1998)",Comedy|Drama|Romance
1891,"Ugly, The (1997)",Horror|Thriller
1899,Passion in the Desert (1998),Adventure|Drama
1911,Dr. Dolittle (1998),Comedy
1914,Smoke Signals (1998),Comedy|Drama
1917,Armageddon (1998),Action|Romance|Sci-Fi|Thriller
1918,Lethal Weapon 4 (1998),Action|Comedy|Crime|Thriller
1919,Madeline (1998),Children|Comedy
1920,Small Soldiers (1998),Animation|Children|Fantasy|War
1921,Pi (1998),Drama|Sci-Fi|Thriller
1922,Whatever (1998),Drama
1923,There's Something About Mary (1998),Comedy|Romance
1926,"Broadway Melody, The (1929)",Musical
1927,All Quiet on the Western Front (1930),Action|Drama|War
1928,Cimarron (1931),Drama|Western
1929,Grand Hotel (1932),Drama|Romance
1930,Cavalcade (1933),Drama|Romance|War
1935,How Green Was My Valley (1941),Drama|Musical|Romance
1936,Mrs. Miniver (1942),Drama|War
1937,Going My Way (1944),Comedy|Drama|Musical
1938,"Lost Weekend, The (1945)",Drama
1940,Gentleman's Agreement (1947),Drama
1945,On the Waterfront (1954),Crime|Drama
1963,Take the Money and Run (1969),Comedy|Crime
1970,"Nightmare on Elm Street 3: Dream Warriors, A (1987)",Horror|Thriller
1971,"Nightmare on Elm Street 4: The Dream Master, A (1988)",Horror|Thriller
1975,Friday the 13th Part 2 (1981),Horror
1976,Friday the 13th Part 3: 3D (1982),Horror
1981,Friday the 13th Part VIII: Jason Takes Manhattan (1989),Horror
1982,Halloween (1978),Horror
1984,Halloween III: Season of the Witch (1982),Horror
1989,Prom Night III: The Last Kiss (1989),Horror
1993,Child's Play 3 (1991),Comedy|Horror|Thriller
1995,Poltergeist II: The Other Side (1986),Horror|Thriller
1997,"Exorcist, The (1973)",Horror|Mystery
1998,Exorcist II: The Heretic (1977),Horror
1999,"Exorcist III, The (1990)",Horror
2000,Lethal Weapon (1987),Action|Comedy|Crime|Drama
2002,Lethal Weapon 3 (1992),Action|Comedy|Crime|Drama
2004,Gremlins 2: The New Batch (1990),Comedy|Horror
2005,"Goonies, The (1985)",Action|Adventure|Children|Comedy|Fantasy
2011,Back to the Future Part II (1989),Adventure|Comedy|Sci-Fi
2013,"Poseidon Adventure, The (1972)",Action|Adventure|Drama
2017,Babes in Toyland (1961),Children|Fantasy|Musical
2022,"Last Temptation of Christ, The (1988)",Drama
2025,Lolita (1997),Drama|Romance
2026,Disturbing Behavior (1998),Horror|Thriller
2031,"Million Dollar Duck, The (a.k.a. $1,000,000 Duck) (1971)",Children|Comedy
2032,"Barefoot Executive, The (1971)",Children|Comedy
2033,"Black Cauldron, The (1985)",Adventure|Animation|Children|Fantasy
2034,"Black Hole, The (1979)",Children|Sci-Fi
2035,Blackbeard's Ghost (1968),Children|Comedy
2041,Condorman (1981),Action|Adventure|Children|Comedy
2042,D2: The Mighty Ducks (1994),Children|Comedy
2043,Darby O'Gill and the Little People (1959),Adventure|Children|Fantasy
2049,"Happiest Millionaire, The (1967)",Comedy|Musical
2050,Herbie Goes Bananas (1980),Adventure|Children|Comedy
2051,Herbie Goes to Monte Carlo (1977),Adventure|Children|Comedy
2054,"Honey, I Shrunk the Kids (1989)",Adventure|Children|Comedy|Fantasy|Sci-Fi
2056,In Search of the Castaways (1962),Adventure|Children
2057,"Incredible Journey, The (1963)",Adventure|Children
2058,"Negotiator, The (1998)",Action|Crime|Drama|Mystery|Thriller
2060,BASEketball (1998),Comedy
2061,Full Tilt Boogie (1997),Documentary
2062,"Governess, The (1998)",Drama|Romance
2063,"Seventh Heaven (Septième ciel, Le) (1997)",Drama|Romance
2067,Doctor Zhivago (1965),Drama|Romance|War
2077,"Journey of Natty Gann, The (1985)",Adventure|Children
2078,"Jungle Book, The (1967)",Animation|Children|Comedy|Musical
2084,Newsies (1992),Children|Musical
2091,Return from Witch Mountain (1978),Children|Sci-Fi
2103,Tall Tale (1995),Adventure|Children|Fantasy|Western
2110,Dead Men Don't Wear Plaid (1982),Comedy|Crime|Thriller
2111,"Man with Two Brains, The (1983)",Comedy
2147,"Clan of the Cave Bear, The (1986)",Adventure|Drama|Fantasy
2148,House (1986),Comedy|Fantasy|Horror
2159,Henry: Portrait of a Serial Killer (1986),Crime|Horror|Thriller
2161,"NeverEnding Story, The (1984)",Adventure|Children|Fantasy
2164,Surf Nazis Must Die (1987),Action|Comedy|Drama|Horror
2169,Dead Man on Campus (1998),Comedy
2184,"Trouble with Harry, The (1955)",Comedy|Mystery
2185,I Confess (1953),Thriller
2189,I Married A Strange Person! (1997),Animation|Comedy|Fantasy|Sci-Fi
2194,"Untouchables, The (1987)",Action|Crime|Drama
2204,Saboteur (1942),Mystery|Thriller
2205,Mr. & Mrs. Smith (1941),Comedy|Romance
2207,Jamaica Inn (1939),Drama
2210,Sabotage (1936),Thriller
2213,Waltzes from Vienna (1933),Comedy|Musical
2216,"Skin Game, The (1931)",Drama
2227,"Lodger: A Story of the London Fog, The (1927)",Crime|Drama|Thriller
2234,Let's Talk About Sex (1998),Drama
2237,Without Limits (1998),Drama
2240,My Bodyguard (1980),Drama
2245,Working Girl (1988),Comedy|Drama|Romance
2249,My Blue Heaven (1990),Comedy
2251,"Cabinet of Dr. Ramirez, The (1991)",Comedy
2252,Hero (1992),Comedy|Drama
2256,Parasite (1982),Horror|Sci-Fi
2268,"Few Good Men, A (1992)",Crime|Drama|Thriller
2269,Indecent Proposal (1993),Drama|Romance
2271,Permanent Midnight (1998),Drama
2275,Six-String Samurai (1998),Action|Adventure|Sci-Fi
2282,Pecker (1998),Comedy|Drama
2285,If.... (1968),Drama
2287,Them! (1954),Horror|Sci-Fi|Thriller
2291,Edward Scissorhands (1990),Drama|Fantasy|Romance
2292,Overnight Delivery (1998),Comedy|Romance
2294,Antz (1998),Adventure|Animation|Children|Comedy|Fantasy
2295,"Impostors, The (1998)",Comedy
2300,"Producers, The (1968)",Comedy
2307,One Tough Cop (1998),Action|Crime
2309,"Inheritors, The (Siebtelbauern, Die) (1998)",Drama|Mystery
2310,"Mighty, The (1998)",Drama
2311,2010: The Year We Make Contact (1984),Sci-Fi
2312,Children of a Lesser God (1986),Drama
2314,Beloved (1998),Drama
2318,Happiness (1998),Comedy|Drama
2319,Reach the Rock (1998),Comedy|Drama
2320,Apt Pupil (1998),Drama|Thriller
2321,Pleasantville (1998),Comedy|Drama|Fantasy
2322,Soldier (1998),Action|Sci-Fi|War
2323,"Cruise, The (1998)",Documentary
2325,Orgazmo (1997),Comedy
2326,Shattered Image (1998),Drama|Thriller
2327,Tales from the Darkside: The Movie (1990),Fantasy|Horror|Thriller
2328,Vampires (1998),Horror|Western
2329,American History X (1998),Crime|Drama
2336,Elizabeth (1998),Drama
2337,Velvet Goldmine (1998),Drama
2338,I Still Know What You Did Last Summer (1998),Horror|Mystery|Thriller
2339,I'll Be Home For Christmas (1998),Comedy|Romance
2340,Meet Joe Black (1998),Romance
2343,"Naked Man, The (1998)",Drama
2344,Runaway Train (1985),Action|Adventure|Drama|Thriller
2347,"Pope of Greenwich Village, The (1984)",Drama
2349,Mona Lisa (1986),Comedy|Thriller
2366,King Kong (1933),Action|Adventure|Fantasy|Horror
2370,"Emerald Forest, The (1985)",Action|Adventure|Drama
2371,Fletch (1985),Comedy|Crime|Mystery
2375,"Money Pit, The (1986)",Comedy
2379,Police Academy 2: Their First Assignment (1985),Comedy|Crime
2383,Police Academy 6: City Under Siege (1989),Comedy|Crime
2385,Home Fries (1998),Comedy|Romance
2386,Jerry Springer: Ringmaster (1998),Comedy|Drama
2387,Very Bad Things (1998),Comedy|Crime
2390,Little Voice (1998),Comedy
2394,"Prince of Egypt, The (1998)",Animation|Musical
2401,Pale Rider (1985),Western
2406,Romancing the Stone (1984),Action|Adventure|Comedy|Romance
2412,Rocky V (1990),Action|Drama
2417,Heartburn (1986),Comedy|Drama
2418,Nothing in Common (1986),Comedy
2421,"Karate Kid, Part II, The (1986)",Action|Adventure|Drama
2429,Mighty Joe Young (1998),Action|Adventure|Drama|Fantasy|Thriller
2443,Playing by Heart (1998),Drama|Romance
2444,24 7: Twenty Four Seven (1997),Comedy|Drama
2445,At First Sight (1999),Drama
2449,"Garbage Pail Kids Movie, The (1987)",Adventure|Children|Comedy
2455,"Fly, The (1986)",Drama|Horror|Sci-Fi|Thriller
2457,Running Scared (1986),Action|Comedy
2458,Armed and Dangerous (1986),Comedy|Crime
2481,My Name Is Joe (1998),Drama|Romance
2483,"Day of the Beast, The (Día de la Bestia, El) (1995)",Adventure|Comedy|Thriller
2487,"Blood, Guts, Bullets and Octane (1998)",Action|Comedy
2488,Peeping Tom (1960),Drama|Horror|Thriller
2496,Blast from the Past (1999),Comedy|Romance
2497,Message in a Bottle (1999),Romance
2514,Pet Sematary II (1992),Comedy|Horror
2515,Children of the Corn II: The Final Sacrifice (1993),Horror
2516,Children of the Corn III (1994),Horror
2521,Airport 1975 (1974),Action|Drama|Thriller
2532,Conquest of the Planet of the Apes (1972),Action|Sci-Fi
2533,Escape from the Planet of the Apes (1971),Action|Sci-Fi
2538,Dancemaker (1998),Documentary
2544,"School of Flesh, The (École de la chair, L') (1998)",Drama|Romance
2556,Telling You (1998),Comedy|Drama|Romance
2557,I Stand Alone (Seul contre tous) (1998),Drama|Thriller
2558,Forces of Nature (1999),Comedy|Romance
2559,"King and I, The (1999)",Animation|Children
2563,Dangerous Beauty (1998),Drama
2572,10 Things I Hate About You (1999),Comedy|Romance
2577,Metroland (1997),Comedy|Drama
2579,Following (1998),Crime|Mystery|Thriller
2586,Goodbye Lover (1999),Comedy|Crime|Thriller
2587,Life (1999),Comedy|Crime|Drama
2598,Pushing Tin (1999),Comedy
2602,Mighty Peking Man (a.k.a. Goliathon) (Xing xing wang) (1977),Action|Adventure|Horror|Sci-Fi
2603,Nô (1998),Drama
2607,Get Real (1998),Drama|Romance
2609,"King of Masks, The (Bian Lian) (1996)",Drama
2614,Chopping Mall (a.k.a. Killbots) (1986),Action|Horror|Sci-Fi
2615,My Science Project (1985),Adventure|Sci-Fi
2616,Dick Tracy (1990),Action|Crime
2617,"Mummy, The (1999)",Action|Adventure|Comedy|Fantasy|Horror|Thriller
2621,Xiu Xiu: The Sent-Down Girl (Tian yu) (1998),Drama
2622,William Shakespeare's A Midsummer Night's Dream (1999),Comedy|Fantasy
2625,Black Mask (Hak hap) (1996),Action|Adventure|Crime|Sci-Fi|Thriller
2627,Endurance (1999),Documentary|Drama
2628,Star Wars: Episode I - The Phantom Menace (1999),Action|Adventure|Sci-Fi
2631,Frogs for Snakes (1998),Comedy|Film-Noir|Thriller
2632,"Saragossa Manuscript, The (Rekopis znaleziony w Saragossie) (1965)",Adventure|Drama|Mystery
2633,"Mummy, The (1932)",Horror|Romance
2634,"Mummy, The (1959)",Horror
2635,"Mummy's Curse, The (1944)",Horror
2637,"Mummy's Hand, The (1940)",Horror
2638,"Mummy's Tomb, The (1942)",Horror
2639,Mommie Dearest (1981),Drama
2643,Superman IV: The Quest for Peace (1987),Action|Adventure|Sci-Fi
2644,Dracula (1931),Horror
2650,"Ghost of Frankenstein, The (1942)",Horror
2654,"Wolf Man, The (1941)",Drama|Fantasy|Horror
2661,It Came from Outer Space (1953),Sci-Fi
2676,Instinct (1999),Drama|Thriller
2677,Buena Vista Social Club (1999),Documentary|Musical
2678,Desert Blue (1999),Comedy
2685,"Red Dwarf, The (Nain rouge, Le) (1998)",Comedy|Drama
2703,Broken Vessels (1998),Drama
2706,American Pie (1999),Comedy|Romance
2707,Arlington Road (1999),Thriller
2709,Muppets From Space (1999),Children|Comedy
2710,"Blair Witch Project, The (1999)",Drama|Horror|Thriller
2712,Eyes Wide Shut (1999),Drama|Mystery|Thriller
2718,Drop Dead Gorgeous (1999),Comedy
2719,"Haunting, The (1999)",Horror|Thriller
2720,Inspector Gadget (1999),Action|Adventure|Children|Comedy
2723,Mystery Men (1999),Action|Comedy|Fantasy
2734,"Mosquito Coast, The (1986)",Adventure|Drama|Thriller
2741,No Mercy (1986),Action|Crime|Thriller
2755,Light of Day (1987),Drama
2756,Wanted: Dead or Alive (1987),Action
2772,Detroit Rock City (1999),Comedy
2773,Alice and Martin (Alice et Martin) (1998),Drama
2778,Never Talk to Strangers (1995),Crime|Drama|Romance|Thriller
2786,Haunted Honeymoon (1986),Comedy
2787,Cat's Eye (1985),Horror
2796,Funny Farm (1988),Comedy
2805,Mickey Blue Eyes (1999),Comedy|Romance
2823,"Spiders Part 1: The Golden Lake, The (Die Spinnen, 1. Teil: Der Goldene See) (1919)",Action|Adventure|Drama
2827,"Astronaut's Wife, The (1999)",Horror|Sci-Fi|Thriller
2830,Cabaret Balkan (Bure Baruta) (1998),Drama
2831,"Dog of Flanders, A (1999)",Drama
2832,"Lost Son, The (1999)",Drama
2833,Lucie Aubrac (1997),Romance|War
2841,Stir of Echoes (1999),Horror|Mystery|Thriller
2857,Yellow Submarine (1968),Adventure|Animation|Comedy|Fantasy|Musical
2859,Stop Making Sense (1984),Documentary|Musical
2862,Caligula (1979),Drama
2863,"Hard Day's Night, A (1964)",Adventure|Comedy|Musical
2864,Splendor (1999),Comedy
2865,Sugar Town (1999),Comedy
2866,"Buddy Holly Story, The (1978)",Drama
2868,Fright Night Part II (1988),Horror
2874,"Pajama Game, The (1957)",Comedy|Musical|Romance
2881,Double Jeopardy (1999),Action|Crime|Drama|Thriller
2883,Mumford (1999),Comedy|Drama
2888,Drive Me Crazy (1999),Comedy|Romance
2891,"Happy, Texas (1999)",Comedy
2900,Monkey Shines (1988),Horror|Sci-Fi
2901,Phantasm (1979),Horror|Sci-Fi
2902,Psycho II (1983),Horror|Mystery|Thriller
2904,Rain (1932),Drama
2905,Sanjuro (Tsubaki Sanjûrô) (1962),Action|Adventure|Drama
2906,Random Hearts (1999),Drama|Romance
2908,Boys Don't Cry (1999),Drama
2912,"Limey, The (1999)",Crime|Drama|Thriller
2915,Risky Business (1983),Comedy
2920,Children of Paradise (Les enfants du paradis) (1945),Drama|Romance
2921,High Plains Drifter (1973),Western
2934,"Amor brujo, El (Love Bewitched, A) (1986)",Drama|Musical
2935,"Lady Eve, The (1941)",Comedy|Romance
2944,"Dirty Dozen, The (1967)",Action|Drama|War
2947,Goldfinger (1964),Action|Adventure|Thriller
2948,From Russia with Love (1963),Action|Adventure|Thriller
2951,"Fistful of Dollars, A (Per un pugno di dollari) (1964)",Action|Western
2953,Home Alone 2: Lost in New York (1992),Children|Comedy
2966,"Straight Story, The (1999)",Adventure|Drama
2974,Bats (1999),Horror|Thriller
2984,On Any Sunday (1971),Documentary
2986,RoboCop 2 (1990),Action|Crime|Sci-Fi|Thriller
2995,House on Haunted Hill (1999),Horror|Thriller
2996,Music of the Heart (1999),Drama
2997,Being John Malkovich (1999),Comedy|Drama|Fantasy
3001,"Suburbans, The (1999)",Drama
3002,My Best Fiend (Mein liebster Feind) (1999),Documentary
3003,Train of Life (Train de vie) (1998),Comedy|Drama|Romance|War
3009,Portraits Chinois (1996),Drama
3012,Battling Butler (1926),Comedy
3014,Bustin' Loose (1981),Comedy
3015,Coma (1978),Thriller
3018,Re-Animator (1985),Comedy|Horror|Sci-Fi
3019,Drugstore Cowboy (1989),Crime|Drama
3021,"Funhouse, The (1981)",Horror
3022,"General, The (1926)",Comedy|War
3028,"Taming of the Shrew, The (1967)",Comedy
3060,"Commitments, The (1991)",Comedy|Drama|Musical
3061,Holiday Inn (1942),Comedy|Musical
3062,"Longest Day, The (1962)",Action|Drama|War
3069,"Effect of Gamma Rays on Man-in-the-Moon Marigolds, The (1972)",Drama
3070,"Adventures of Buckaroo Banzai Across the 8th Dimension, The (1984)",Adventure|Comedy|Sci-Fi
3071,Stand and Deliver (1988),Comedy|Drama
3073,"Sandpiper, The (1965)",Drama|Romance
3074,Jeremiah Johnson (1972),Western
3082,"World Is Not Enough, The (1999)",Action|Adventure|Thriller
3087,Scrooged (1988),Comedy|Fantasy|Romance
3088,Harvey (1950),Comedy|Fantasy
3089,Bicycle Thieves (a.k.a. The Bicycle Thief) (a.k.a. The Bicycle Thieves) (Ladri di biciclette) (1948),Drama
3090,Matewan (1987),Drama
3092,"47 Samurai (Chûshingura) (Loyal 47 Ronin, The) (1962)",Drama
3100,"River Runs Through It, A (1992)",Drama
3112,'night Mother (1986),Drama
3117,Ride with the Devil (1999),Drama|Romance|War
3124,Agnes Browne (1999),Comedy|Drama
3160,Magnolia (1999),Drama
3161,Onegin (1999),Drama|Romance
3166,Brenda Starr (1989),Adventure
3167,Carnal Knowledge (1971),Comedy|Drama
3168,Easy Rider (1969),Adventure|Drama
3169,"Falcon and the Snowman, The (1985)",Drama|Thriller
3171,Room at the Top (1959),Drama
3172,Ulysses (Ulisse) (1954),Adventure
3177,Next Friday (2000),Comedy
3178,"Hurricane, The (1999)",Drama
3181,Titus (1999),Drama
3183,"Third Miracle, The (1999)",Drama
3185,Snow Falling on Cedars (1999),Drama
3187,Trans (1998),Drama
3189,My Dog Skip (1999),Children|Drama
3199,Pal Joey (1957),Comedy|Drama|Musical|Romance
3212,Born to Win (1971),Drama
3214,American Flyers (1985),Drama
3215,Voyage of the Damned (1976),Drama
3242,Santitos (1999),Comedy
3268,Stop! Or My Mom Will Shoot (1992),Action|Comedy
3269,Forever Young (1992),Drama|Romance|Sci-Fi
3273,Scream 3 (2000),Comedy|Horror|Mystery|Thriller
3274,Single White Female (1992),Drama|Thriller
3275,"Boondock Saints, The (2000)",Action|Crime|Drama|Thriller
3276,Gun Shy (2000),Comedy
3299,Hanging Up (2000),Comedy|Drama
3309,"Dog's Life, A (1918)",Comedy
3322,3 Strikes (2000),Comedy
3330,Splendor in the Grass (1961),Drama|Romance
3333,"Killing of Sister George, The (1968)",Drama
3336,It Happened Here (1966),Drama|Fantasy|War
3347,Never Cry Wolf (1983),Adventure|Drama
3350,"Raisin in the Sun, A (1961)",Drama
3360,Hoosiers (a.k.a. Best Shot) (1986),Drama|Romance
3362,Dog Day Afternoon (1975),Crime|Drama
3364,"Asphalt Jungle, The (1950)",Crime|Film-Noir
3374,Daughters of the Dust (1991),Drama
3380,Railroaded! (1947),Film-Noir
3388,Harry and the Hendersons (1987),Children|Comedy
3391,Who's That Girl? (1987),Comedy
3393,Date with an Angel (1987),Comedy|Fantasy|Romance
3400,We're Back! A Dinosaur's Story (1993),Adventure|Animation|Children|Fantasy
3410,Soft Fruit (1999),Comedy|Drama
3415,"Mirror, The (Zerkalo) (1975)",Drama
3418,Thelma & Louise (1991),Adventure|Crime|Drama
3419,Something for Everyone (1970),Comedy|Crime
3421,Animal House (1978),Comedy
3437,Cool as Ice (1991),Drama
3438,Teenage Mutant Ninja Turtles (1990),Action|Children|Comedy|Fantasy|Sci-Fi
3444,Bloodsport (1988),Action
3445,Eyes of Laura Mars (1978),Mystery|Thriller
3446,Funny Bones (1995),Comedy|Drama
3453,Here on Earth (2000),Drama|Romance
3461,Lord of the Flies (1963),Adventure|Drama|Thriller
3462,Modern Times (1936),Comedy|Drama|Romance
3465,That's Life! (1986),Drama
3466,Heart and Souls (1993),Comedy|Fantasy
3488,"Hideous Sun Demon, The (1959)",Horror|Sci-Fi
3503,Solaris (Solyaris) (1972),Drama|Mystery|Sci-Fi
3518,"End of Violence, The (1997)",Drama|Thriller
3527,Predator (1987),Action|Sci-Fi|Thriller
3533,"Actor's Revenge, An (Yukinojô henge) (1963)",Drama
3534,28 Days (2000),Drama
3545,Cabaret (1972),Drama|Musical
3548,Auntie Mame (1958),Comedy|Drama
3549,Guys and Dolls (1955),Comedy|Musical|Romance
3564,"Flintstones in Viva Rock Vegas, The (2000)",Children|Comedy
3581,Human Traffic (1999),Comedy
3591,Mr. Mom (1983),Comedy|Drama
3593,Battlefield Earth (2000),Action|Sci-Fi
3596,Screwed (2000),Comedy
3607,One Little Indian (1973),Comedy|Western
3608,Pee-wee's Big Adventure (1985),Adventure|Comedy
3609,Regret to Inform (1998),Documentary
3612,"Slipper and the Rose, The (1976)",Adventure|Musical|Romance
3613,Things Change (1988),Comedy
3614,Honeymoon in Vegas (1992),Comedy|Romance
3627,Carnival of Souls (1962),Horror|Thriller
3640,"King in New York, A (1957)",Comedy|Drama
3645,Cleo from 5 to 7 (Cléo de 5 à 7) (1962),Drama
3650,Anguish (Angustia) (1987),Horror
3654,"Guns of Navarone, The (1961)",Action|Adventure|Drama|War
3655,Blow-Out (La grande bouffe) (1973),Drama
3661,Puppet Master II (1991),Horror|Sci-Fi|Thriller
3662,Puppet Master III: Toulon's Revenge (1991),Horror|Sci-Fi|Thriller
3663,Puppet Master 4 (1993),Horror|Sci-Fi|Thriller
3665,Curse of the Puppet Master (Puppet Master 6: The Curse) (1998),Horror|Sci-Fi|Thriller
3673,Benji the Hunted (1987),Adventure|Children
3695,"Toxic Avenger Part III: The Last Temptation of Toxie, The (1989)",Comedy|Horror
3701,Alien Nation (1988),Crime|Drama|Sci-Fi|Thriller
3703,"Road Warrior, The (Mad Max 2) (1981)",Action|Adventure|Sci-Fi
3708,Firestarter (1984),Horror|Thriller
3719,Love's Labour's Lost (2000),Comedy|Romance
3734,Prince of the City (1981),Drama
3735,Serpico (1973),Crime|Drama
3736,"Ace in the Hole (Big Carnival, The) (1951)",Drama
3752,"Me, Myself & Irene (2000)",Adventure|Comedy
3771,The Golden Voyage of Sinbad (1973),Action|Adventure|Fantasy
3776,Melody Time (1948),Animation|Children|Musical
3777,Nekromantik (1987),Comedy|Horror
3790,Groove (2000),Drama
3801,Anatomy of a Murder (1959),Drama|Mystery
3805,Knightriders (1981),Action|Adventure|Drama
3818,Pot O' Gold (1941),Comedy|Musical
3819,Tampopo (1985),Comedy
3824,Autumn in New York (2000),Drama|Romance
3855,"Affair of Love, An (Liaison pornographique, Une) (1999)",Drama|Romance
3874,"Couch in New York, A (1996)",Comedy|Drama|Romance
3875,"Devil Rides Out, The (1968)",Horror
3876,Jerry and Tom (1998),Comedy|Crime|Drama
3884,"Crew, The (2000)",Comedy
3886,Steal This Movie! (2000),Drama
3887,Went to Coney Island on a Mission From God... Be Back by Five (1998),Drama
3888,Skipped Parts (2000),Drama|Romance
3891,Turn It Up (2000),Crime|Drama
3893,Nurse Betty (2000),Comedy|Crime|Drama|Romance|Thriller
3895,"Watcher, The (2000)",Crime|Thriller
3901,Duets (2000),Comedy|Drama
3903,Urbania (2000),Drama
3906,Under Suspicion (2000),Crime|Thriller
3909,Woman on Top (2000),Comedy|Romance
3914,"Broken Hearts Club, The (2000)",Drama
3915,Girlfight (2000),Drama
3918,Hellbound: Hellraiser II (1988),Horror
3921,Beach Party (1963),Comedy
3922,Bikini Beach (1964),Comedy
3923,Return of the Fly (1959),Horror|Sci-Fi
3925,Stranger Than Paradise (1984),Comedy|Drama
3926,Voyage to the Bottom of the Sea (1961),Adventure|Sci-Fi
3929,"Bank Dick, The (1940)",Comedy
3930,"Creature from the Black Lagoon, The (1954)",Adventure|Horror|Sci-Fi
3932,"Invisible Man, The (1933)",Horror|Sci-Fi
3934,Kronos (1957),Sci-Fi
3940,Slumber Party Massacre III (1990),Horror
3941,Sorority House Massacre (1986),Horror
3948,Meet the Parents (2000),Comedy
3976,Stardom (2000),Comedy|Drama
3991,102 Dalmatians (2000),Children|Comedy
3992,Malèna (2000),Drama|Romance|War
4010,Brewster's Millions (1985),Comedy
4012,Punchline (1988),Comedy|Drama
4035,"Claim, The (2000)",Romance|Western
4055,Panic (2000),Drama
4068,Sugar & Spice (2001),Comedy
4121,Innerspace (1987),Action|Adventure|Comedy|Sci-Fi
4130,Maid to Order (1987),Comedy|Fantasy
4133,Masters of the Universe (1987),Action|Adventure|Fantasy|Sci-Fi
4139,No Man's Land (1987),Crime|Drama
4142,Left Behind: The Movie (2000),Action|Adventure|Drama|Thriller
4146,"Million Dollar Hotel, The (2001)",Drama|Mystery|Romance
4153,Down to Earth (2001),Comedy|Fantasy|Romance
4169,Blow Dry (a.k.a. Never Better) (2001),Comedy
4176,Madadayo (a.k.a. Not Yet) (1993),Drama
4205,Mermaids (1990),Comedy|Drama|Romance
4212,Death on the Nile (1978),Crime|Mystery
4214,Revenge of the Nerds (1984),Comedy
4216,Longtime Companion (1990),Drama
4227,"Brothers, The (2001)",Comedy|Drama
4232,Spy Kids (2001),Action|Adventure|Children|Comedy
4233,Tomcats (2001),Comedy
4249,Kingdom Come (2001),Comedy
4250,"Body, The (2001)",Drama|Sci-Fi
4267,One Night at McCool's (2001),Comedy
4273,Under the Sand (2000),Drama
4275,Krull (1983),Action|Adventure|Fantasy|Sci-Fi
4276,Lost in America (1985),Comedy
4294,"5,000 Fingers of Dr. T, The (1953)",Children|Fantasy|Musical
4352,Shag (1989),Comedy|Drama
4353,Uncommon Valor (1983),Action|War
4354,Unlawful Entry (1992),Crime|Thriller
4373,Pootie Tang (2001),Comedy
4395,Big Deal on Madonna Street (I Soliti Ignoti) (1958),Comedy|Crime
4405,"Last Laugh, The (Letzte Mann, Der) (1924)",Drama
4451,Jump Tomorrow (2001),Comedy|Drama|Romance
4477,Big Top Pee-Wee (1988),Adventure|Children|Comedy
4527,"Night in the Life of Jimmy Reardon, A (1988)",Comedy|Romance
4529,Bagdad Cafe (Out of Rosenheim) (1987),Comedy|Drama
4544,Short Circuit 2 (1988),Comedy|Sci-Fi
4545,Short Circuit (1986),Comedy|Sci-Fi
4547,Stormy Monday (1988),Crime|Drama
4549,Sweet Hearts Dance (1988),Drama
4607,In Country (1989),Drama
4624,Meet the Feebles (1989),Animation|Comedy|Musical
4626,Miracle Mile (1989),Drama|Romance|Sci-Fi
4634,Penn & Teller Get Killed (1989),Adventure|Comedy
4639,America's Sweethearts (2001),Comedy|Romance
4681,"War of the Roses, The (1989)",Comedy|Drama
4721,American Outlaws (2001),Action|Comedy|Western
4728,Rat Race (2001),Comedy
4753,Vamp (1986),Comedy|Horror
4760,Bounce: Behind the Velvet Rope (2000),Documentary
4770,"Glass House, The (2001)",Thriller
4778,Children Underground (2001),Documentary
4779,Go Tigers! (2001),Documentary
4783,"Endurance: Shackleton's Legendary Antarctic Expedition, The (2000)",Documentary
4786,"Legend of Hell House, The (1973)",Horror|Thriller
4791,Valdez Is Coming (1971),Western
4795,Father Goose (1964),Adventure|Comedy|Romance|War
4801,"Little Foxes, The (1941)",Drama
4806,"Shop on Main Street, The (Obchod na korze) (1965)",Drama
4868,Bangkok Dangerous (2000),Action|Crime|Romance
4878,Donnie Darko (2001),Drama|Mystery|Sci-Fi|Thriller
4880,Life as a House (2001),Drama
4884,Trembling Before G-d (2001),Documentary
4885,Domestic Disturbance (2001),Thriller
4898,Novocaine (2001),Comedy|Crime|Mystery|Thriller
4900,Out Cold (2001),Comedy
4915,"Beastmaster, The (1982)",Action|Adventure|Fantasy
4918,"Young Lions, The (1958)",Drama|War
4919,Subway (1985),Crime|Drama|Romance|Thriller
4920,"Now, Voyager (1942)",Drama|Romance
4954,Ocean's Eleven (a.k.a. Ocean's 11) (1960),Comedy|Crime
4965,"Business of Strangers, The (2001)",Action|Drama|Thriller
4969,And Then There Were None (1945),Crime|Mystery
5008,Witness for the Prosecution (1957),Drama|Mystery|Thriller
5057,4 for Texas (1963),Comedy|Western
5076,"Adventures of Huck Finn, The (1993)",Adventure|Children|Comedy|Drama
5122,Summer of '42 (1971),Drama
5123,"Touch of Class, A (1973)",Comedy
5129,Big Bad Love (2001),Drama
5158,Cross Creek (1983),Drama
5170,All About the Benjamins (2002),Action|Comedy|Crime
5195,"Zombie Lake (Lac des morts vivants, Le) (Zombies Lake) (Lake of the Living Dead, The) (1981)",Horror
5203,"Monster Club, The (1980)",Comedy|Horror
5212,"Octagon, The (1980)",Action
5253,Cousins in Love (a.k.a. Tender Cousins) (Tendres Cousines) (1980),Drama|Romance
5282,High Crimes (2002),Thriller
5292,Slap Shot (1977),Comedy
5304,"Rome, Open City (a.k.a. Open City) (Roma, città aperta) (1945)",Drama|War
5322,World Traveler (2001),Drama
5348,Hollywood Ending (2002),Comedy|Drama
5349,Spider-Man (2002),Action|Adventure|Sci-Fi|Thriller
5353,Butterflies Are Free (1972),Comedy|Drama
5363,"New Guy, The (2002)",Comedy
5368,Ballad of a Soldier (Ballada o soldate) (1959),Drama|Romance|War
5385,"Last Waltz, The (1978)",Documentary
5406,"Desert Rats, The (1953)",Drama|War
5411,Summer Holiday (1963),Musical|Romance
5432,Hero and the Terror (1988),Action|Crime
5478,Eight Legged Freaks (2002),Action|Comedy|Horror|Sci-Fi
5519,Change of Habit (1969),Drama
5520,"Matter of Taste, A (Affaire de Goût, Une) (2000)",Crime|Drama|Thriller
5522,Rollerball (1975),Action|Drama|Sci-Fi
5532,Amy's O (a.k.a. Amy's Orgasm) (2001),Comedy|Romance
5571,"Pinochet Case, The (Cas Pinochet, Le) (2001)",Documentary
5575,Alias Betty (Betty Fisher et autres histoires) (2001),Crime|Drama
5581,Betsy's Wedding (1990),Comedy
5592,Monster in the Closet (1986),Comedy|Horror
5684,Naqoyqatsi (2002),Documentary
5712,Blow Out (1981),Mystery|Thriller
5718,Carbon Copy (1981),Comedy
5774,Night of the Zombies (a.k.a. Batallion of the Living Dead) (1981),Horror|Sci-Fi
5780,Polyester (1981),Comedy
5804,"Santa Clause 2, The (2002)",Children|Comedy|Fantasy|Romance
5846,Raggedy Man (1981),Drama
5847,Ragtime (1981),Drama
5854,Sharky's Machine (1981),Crime|Drama|Romance
5858,"Soupe aux Choux, La (1981)",Comedy
5873,The Emperor's Club (2002),Drama
5891,I Spit on Your Grave (Day of the Woman) (1978),Horror|Thriller
5893,"Last Seduction, The (1994)",Crime|Drama|Thriller
5894,"Last Seduction II, The (1999)",Crime|Drama|Thriller
5918,Alone in the Dark (1982),Horror
6057,Biker Boyz (2003),Action|Crime|Drama
6059,"Recruit, The (2003)",Action|Thriller
6090,Kiss Me Goodbye (1982),Comedy
6120,Q: The Winged Serpent (1982),Drama|Fantasy|Horror|Sci-Fi|Thriller
6183,Pillow Talk (1959),Comedy|Musical|Romance
6198,American Heart (1992),Crime|Drama
6225,King of Kings (1961),Drama
6235,Europa Europa (Hitlerjunge Salomon) (1990),Drama|War
6252,"View from the Top, A (2003)",Comedy|Romance
6261,Wind (1992),Action|Romance
6268,Raising Victor Vargas (2002),Comedy|Drama|Romance
6272,Eye of God (1997),Drama
6273,In a Lonely Place (1950),Drama|Film-Noir|Mystery|Romance
6278,Fellini: I'm a Born Liar (Fellini: Je Suis um Grand Menteur) (2001),Documentary
6280,"Man Apart, A (2003)",Action|Crime|Drama|Thriller
6332,"Lizzie McGuire Movie, The (2003)",Children|Comedy|Romance
6394,Big Jake (1971),Western
6425,"6th Man, The (Sixth Man, The) (1997)",Comedy
6428,Two Mules for Sister Sara (1970),Comedy|War|Western
6430,Ziggy Stardust and the Spiders from Mars (1973),Documentary|Musical
6432,"Courtship of Eddie's Father, The (1963)",Comedy
6456,This Man Must Die (Que la bête meure) (1969),Crime|Drama|Thriller
6511,Jesus (1979),Drama
6550,Johnny English (2003),Action|Comedy|Thriller
6599,Accattone (1961),Drama
6600,...And God Spoke (1993),Comedy
6602,Brain Damage (1988),Comedy|Horror
6645,THX 1138 (1971),Action|Adventure|Drama|Sci-Fi
6664,Commando (1985),Action|Adventure
6678,"Handmaid's Tale, The (1990)",Drama|Sci-Fi
6687,My Boss's Daughter (2003),Comedy|Romance
6754,Underworld (2003),Action|Fantasy|Horror
6761,Tibet: Cry of the Snow Lion (2002),Documentary
6765,Under the Tuscan Sun (2003),Comedy|Drama|Romance
6823,Under Suspicion (1992),Crime|Drama|Thriller
6825,"Reluctant Astronaut, The (1967)",Comedy
6831,Nobody's Baby (2001),Comedy
6836,"Amazing Transparent Man, The (1960)",Sci-Fi
6842,Images (1972),Drama|Fantasy|Horror
6846,Tough Guys Don't Dance (1987),Drama
6868,Wonderland (2003),Crime|Drama|Mystery|Thriller
6893,"Italian Job, The (1969)",Action|Comedy|Crime
6911,"Jolson Story, The (1946)",Musical
6979,WarGames (1983),Drama|Sci-Fi|Thriller
6988,Broken Blossoms or The Yellow Man and the Girl (1919),Drama|Romance
7032,Revenge (1990),Drama|Romance|Thriller
7036,Teen Wolf (1985),Comedy|Fantasy
7042,Betty Blue (37°2 le matin) (1986),Drama|Romance
7049,Flying Down to Rio (1933),Comedy|Musical|Romance
7051,"What's New, Pussycat (1965)",Comedy
7143,"Last Samurai, The (2003)",Action|Adventure|Drama|War
7182,Lord Love a Duck (1966),Comedy
7207,Where the Boys Are (1960),Comedy
7212,I Was a Male War Bride (1949),Comedy|Romance
7214,Kiss Them for Me (1957),Comedy|Romance|War
7249,Plaza Suite (1971),Comedy
7250,"Out of Towners, The (1970)",Comedy
7262,Catch That Kid (2004),Action|Adventure|Children|Comedy|Crime
7313,Fire Birds (1990),Action|Adventure
7319,Club Dread (2004),Comedy|Horror
7320,Dirty Dancing: Havana Nights (2004),Romance
7326,"Reckoning, The (2004)",Crime|Drama
7333,"Corbeau, Le (Raven, The) (1943)",Crime|Drama|Thriller
7357,Peyton Place (1957),Drama|Romance
7762,"Tinker, Tailor, Soldier, Spy (1979)",Drama|Thriller
7763,Winter Sleepers (Winterschläfer) (2000),Drama|Romance
7770,Treasure Island (1990),Adventure
7773,"Bang, Bang, You're Dead (2002)",Drama
7833,Shadow of the Thin Man (1941),Comedy|Crime|Mystery
7879,Notorious C.H.O. (2002),Comedy
7940,"Magician, The (Ansiktet) (1958)",Drama
7954,"Baron Blood (Orrori del castello di Norimberga, Gli) (1972)",Horror
7959,"Trip, The (1967)",Drama
7983,Broadway Danny Rose (1984),Comedy
8125,Sunrise: A Song of Two Humans (1927),Drama|Romance
8128,Au revoir les enfants (1987),Drama
8183,Educating Rita (1983),Comedy|Drama
8191,Anne of the Thousand Days (1969),Drama
8228,"Maltese Falcon, The (a.k.a. Dangerous Female) (1931)",Mystery
8235,Safety Last! (1923),Action|Comedy|Romance
8268,Point of No Return (1993),Action|Thriller
8275,College (1927),Comedy
8290,Mitchell (1975),Action|Crime
8302,"Front Page, The (1931)",Comedy|Drama|Romance
8952,Falling Angels (2003),Drama
